benchmark_id	mibig_accession	bgc_class	organism	reference_accession	assembly_accession	biosample_accession	sra_run	read_layout	is_prior_system	primary_validation_eligible	gate_reached	failure_reason	candidate_count	truth_in_candidate_population	truth_rank	score_inspected	notes
BGRR0055	BGC0002072	T1PKS	Streptomyces sp. Mg1	CP011664.1	GCF_000412265.2	SAMN02471086	SRR2062531	PAIRED	YES	NO	PRIOR_SYSTEM	Development/principal benchmark from initial study	2584	YES	31	YES	Excluded from primary independent-validation estimates
BGRR0074	BGC0002068	NRPS	Labrenzia sp. PHM005	CP041191.1	GCF_006517275.1	SAMN12092007	SRR9611265	PAIRED	YES	NO	PRIOR_SYSTEM	Nonambiguous short-read control and reproducibility regression	1	YES	1	YES	Excluded from primary independent-validation estimates
BGRR0091	BGC0000320	NRPS	Bacillus cereus				SRR35544090	ONT	YES	NO	PRIOR_SYSTEM	Nonambiguous long-read control	1	YES	NA	NA	Historical score-inspection state not reconstructed; final reference/assembly/BioSample provenance requires reconciliation before publication metadata are reused
BGRR0079	BGC0002124	T1PKS	Actinomadura verrucosospora NRRL:B18236				SRR11741624	MATE1_ONLY	YES	NO	G3	Incomplete paired-end provenance	NA	NA	NA	NA	Prior prospective screen; historical score-inspection state not reconstructed
BGRR0057	BGC0001056	NRPS-T1PKS hybrid	Serratia plymuthica RVH1				SRR3925615	PAIRED	YES	NO	G7	BGC resolved within a single graph segment	1	NA	NA	NA	Prior prospective screen; historical score-inspection state not reconstructed
BGRR0081	BGC0000921	NRPS	Pseudomonas putida RW10S1				SRR14766874	PAIRED	YES	NO	G7	Only one assembler-bounded candidate	1	NA	NA	NA	Prior prospective screen; historical score-inspection state not reconstructed
BGRR0076	BGC0002082	NRPS	Stappia indica				SRR10686571	PAIRED	YES	NO	G6	Validated anchors in disconnected graph components	0	NA	NA	NA	Prior prospective screen; historical score-inspection state not reconstructed
VAL0001	BGC0000309	NRPS	Bacillus subtilis subsp. subtilis str. 168	AL009126.3	GCA_000009045	SAMD00002791	DRR000002	PAIRED	NO	NO	G5_A1_1_FAIL	Predefined 250-nt endpoint anchors lacked qualifying contiguous directed graph-walk localizations under the frozen A1.1 rule	NA	NA	NA	NO	Protocol-amendment/development sentinel; excluded from primary independent-validation estimates. G1-G4 passed prospectively; G4 recorded PASS_WITH_QC_WARNING. Under A1.1, 7172 SPAdes path records yielded 3588 unique contiguous directed graph-walk chunks after 4 missing-edge observations representing 2 unique absent transitions. Neither endpoint achieved the frozen >=95% query coverage and >=98% identity criterion on a contiguous directed walk. Best left-anchor hits were 143/250 nt and 101/250 nt at 100% identity on separate states corresponding to segments 57411- and 66559-; best right-anchor hit was 200/250 nt at 100% identity on segment 85465-. Directed topology diagnostics found no path among 66559-, 57411-, and 85465-. No threshold, anchor length, or rescue rule was altered. No BGCPhaser score, truth rank, chemistry outcome, or MIBiG similarity rank was inspected. A diagnostic helper initially queried column `oriented_path` although the chunk table uses `oriented_walk`; that diagnostic-only mismatch did not affect the G5 result.
VAL0002	BGC0000392	NRPS	Actinosynnema mirum DSM 43827	CP001630.1	GCA_000023245.1	SAMN00001904	SRR8526193	PAIRED	NO	PENDING	G4_PASS_WITH_QC_WARNING		NA	NA	NA	NO	First primary prospective system under frozen post-amendment G5 workflow. G3 provenance lock PASS before download/assembly: exact MIBiG reference CP001630.1, complete assembly GCA_000023245.1, BioSample SAMN00001904, BioProject PRJNA19705 and paired Illumina WGS run SRR8526193; GENOMIC source, RANDOM selection, two FASTQs and no derivative keyword detected. Alternative same-sample paired Illumina run SRR3924417 was excluded from selection because library_selection=size fractionation. Raw FASTQs exactly matched ENA byte counts and MD5s. Frozen G4 completed with fastp 1.3.6 and SPAdes 4.3.0; all raw, processed and canonical SHA-256 manifests passed. fastp retained 65726094/73119724 reads (0.898883234297) and 7325541156/10967958600 bases (0.667903793510), post-filter Q20=0.986566, Q30=0.877497 and GC=0.729484. SPAdes produced 22586 contigs totaling 16632354 bp (N50 2039), 22536 scaffolds totaling 16633565 bp (N50 2086), and a canonical GFA with 23028 segments and 723 links. Eight warning lines were confined to repeated macOS setrlimit memory-limit warnings plus the pipeline warning summary; required outputs were present and integrity status PASS. No candidate count, BGCPhaser score, truth rank, chemistry outcome or reference-similarity outcome has been inspected.
